len_block_range,avg_ordering_time_s,count,message_size
26,2.9770397,10000,32
26,2.857226,10000,64
26,2.6237358,10000,128
26,2.3726934,10000,256
