message_size,mean_in_progress_all_time,duration_s,vehicle_num
32,56.69402985074627,133.0,10
64,47.526315789473685,132.0,10
128,45.350746268656714,133.0,10
256,32.36296296296296,134.0,10
