message_size,mean_in_progress_all_time,duration_s,vehicle_num
32,61.32786885245902,60.0,5
64,67.91666666666667,59.0,5
128,70.74137931034483,57.0,5
256,40.16393442622951,60.0,5
