message_size,mean_in_progress_all_time,duration_s,vehicle_num
32,44.68488160291439,548.0,15
64,52.46468401486989,537.0,15
128,47.09124087591241,547.0,15
256,37.69927536231884,275.0,15
