message_size,mean_in_progress_all_time,duration_s,vehicle_num
32,45.18361153262519,658.0,25
64,43.537290715372905,656.0,25
128,39.42921686746988,663.0,25
256,35.73644578313253,663.0,25
