message_size,mean_in_progress_all_time,duration_s,vehicle_num
32,45.23628691983122,473.0,20
64,43.282978723404256,469.0,20
128,41.243128964059196,472.0,20
256,37.41684210526316,474.0,20
